City_ID,City,Temperature,Humidity,Cloudiness,wind_speed,Date,Country,Longitude,Latitude
0,puerto natales,61.25,44,75,4.61,1740861864,CL,-72.4875,-51.7236
1,road town,82.44,65,20,11.5,1740862063,VG,-64.6167,18.4167
2,sarnia,19.99,48,75,17.27,1740862064,CA,-82.4041,42.9787
3,port-aux-francais,41.4,73,7,21.32,1740862064,TF,70.2167,-49.35
4,longyearbyen,30.04,69,0,29.93,1740862064,SJ,15.6401,78.2186
5,albany,28.47,65,60,1.99,1740862064,US,-73.9662,42.6001
6,otjimbingwe,73.74,35,1,6.78,1740862065,NA,16.1333,-22.35
7,lebu,62.17,68,46,5.82,1740862065,CL,-73.65,-37.6167
8,ilulissat,14.02,62,75,4.61,1740862065,GL,-51.1,69.2167
9,hamilton,34.86,46,100,17.27,1740862065,US,-84.5333,39.1834
10,whitehorse,32.54,86,75,6.91,1740861906,CA,-135.0538,60.7161
11,petropavlovsk-kamchatsky,1.99,55,75,6.71,1740862066,RU,158.6483,53.0452
12,corcoran,68.23,28,0,6.8,1740861902,US,-119.5604,36.098
13,menongue,67.82,82,100,2.42,1740862067,AO,17.691,-14.6585
14,ushuaia,56.86,62,75,3.44,1740861811,AR,-68.3,-54.8
15,urangan,76.89,77,83,29.75,1740862067,AU,152.9,-25.3
16,ust-nera,-31.5,100,74,3.22,1740862067,RU,143.2,64.5667
17,enewetak,79.63,68,31,17.29,1740862067,MH,162.3373,11.3474
18,haiku-pauwela,77.7,72,20,18.01,1740862068,US,-156.3051,20.9219
19,hadibu,75.54,75,14,6.78,1740862068,YE,54.0333,12.65
20,usinsk,21.36,97,100,4.07,1740862068,RU,57.5281,65.9939
21,nemuro,32.18,82,83,4.94,1740862068,JP,145.575,43.3236
22,yantarnyy,36.0,86,93,10.02,1740862069,RU,19.9381,54.8717
23,obo,82.76,27,58,2.51,1740862069,CF,26.4869,5.3998
24,mahibadhoo,76.93,92,100,18.48,1740862069,MV,72.9667,3.7833
25,arkalyk,9.05,82,5,10.36,1740862070,KZ,66.9114,50.2486
26,smithers,39.52,93,100,2.3,1740862070,CA,-127.1743,54.7804
27,edinburgh of the seven seas,63.61,89,87,6.71,1740862070,SH,-12.3116,-37.0676
28,susuman,-32.06,99,86,2.06,1740862070,RU,148.1667,62.7833
29,bela vista,93.58,34,24,3.58,1740862071,BR,-56.5211,-22.1089
30,aasiaat,6.69,86,100,12.37,1740862071,GL,-52.8699,68.7098
31,taoudenni,75.29,16,77,6.62,1740862071,ML,-3.9836,22.6783
32,port elizabeth,68.31,99,24,5.01,1740861928,ZA,25.5701,-33.918
33,sandnessjoen,40.32,79,100,33.84,1740862072,NO,12.6316,66.0217
34,darab,54.66,38,98,6.89,1740862072,IR,54.5444,28.7519
35,kruisfontein,67.64,95,71,8.28,1740862072,ZA,24.7314,-34.0033
36,praia da vitoria,57.45,67,75,15.12,1740862073,PT,-27.0667,38.7333
37,george town,78.35,78,20,5.99,1740861916,MY,100.3354,5.4112
38,grytviken,34.72,72,17,10.94,1740862073,GS,-36.5092,-54.2811
39,yellowknife,15.3,86,75,5.75,1740862073,CA,-114.3525,62.456
40,adamstown,78.42,77,19,16.17,1740862073,PN,-130.1015,-25.066
41,egilsstadir,37.31,70,100,2.3,1740862074,IS,-14.3948,65.2653
42,talakan,-25.26,100,42,3.36,1740862074,RU,130.3667,50.3167
43,san julian,83.46,11,45,9.71,1740862074,MX,-102.1667,21.0167
44,polyarnyy,22.64,92,93,11.34,1740862074,RU,33.4478,69.1989
45,kutum,67.28,20,5,9.8,1740862074,SD,24.6667,14.2
46,port isabel,77.04,57,0,9.22,1740862075,US,-97.2086,26.0734
47,luderitz,62.98,93,2,14.07,1740862075,NA,15.1594,-26.6481
48,thompson,10.56,56,100,5.75,1740862075,CA,-97.8558,55.7435
49,blackmans bay,52.36,78,100,11.61,1740862076,AU,147.3167,-43.0167
50,bardai,79.41,18,8,9.91,1740862076,NG,7.2333,11.65
51,lamarque,89.64,19,1,16.42,1740862076,AR,-65.7021,-39.423
52,dudinka,-41.84,100,61,3.65,1740862076,RU,86.1778,69.4058
53,nikolayevsk-on-amure,3.09,96,100,8.3,1740862077,RU,140.73,53.1406
54,klyuchi,12.09,96,99,7.99,1740862077,RU,79.1667,52.2667
55,biswan,63.97,41,6,7.36,1740862077,IN,81.0,27.5
56,waitangi,56.82,93,100,1.99,1740862077,NZ,-176.5597,-43.9535
57,punta arenas,60.91,44,0,10.36,1740862078,CL,-70.9167,-53.15
58,khandyga,-19.61,100,100,2.04,1740862078,RU,135.6,62.6667
59,thinadhoo,79.75,79,100,21.94,1740862078,MV,72.9333,0.5333
60,kapa'a,80.47,75,75,12.66,1740862078,US,-159.319,22.0752
61,la passe,41.68,74,7,19.3,1740862078,FR,-0.8967,45.5549
62,stanley,39.0,87,40,9.22,1740862079,GB,-1.6985,54.868
63,sinop,33.84,88,75,5.7,1740862079,TR,34.8709,41.7711
64,talnakh,-31.9,88,10,5.01,1740862079,RU,88.3972,69.4865
65,ilhabela,79.83,76,2,5.68,1740862080,BR,-45.3581,-23.7781
66,lompoc,60.17,73,40,13.8,1740862080,US,-120.4579,34.6391
67,sona,47.8,63,20,6.91,1740862080,IT,10.8255,45.4388
68,bethel,44.4,53,36,13.0,1740862080,US,-73.414,41.3712
69,jamestown,18.97,76,100,18.41,1740861814,US,-79.2353,42.097
70,ribeira grande,55.8,67,20,13.0,1740862080,PT,-28.7,38.5167
71,college,14.32,78,20,0.0,1740862081,US,-147.8028,64.8569
72,kourou,78.28,79,63,9.69,1740862081,GF,-52.6478,5.1552
73,wailua homesteads,79.12,75,75,12.66,1740862081,US,-159.378,22.0669
74,vilyuysk,-47.96,100,99,1.92,1740862082,RU,121.6247,63.7553
75,monrovia,78.51,89,15,9.01,1740862082,LR,-10.7969,6.3005
76,tiksi,-30.5,99,99,3.96,1740862082,RU,128.8694,71.6872
77,chonchi,64.11,64,90,8.28,1740862082,CL,-73.8092,-42.6128
78,port mathurin,81.05,80,100,11.07,1740862083,MU,63.4167,-19.6833
79,qaqortoq,16.59,58,100,40.67,1740862083,GL,-46.0333,60.7167
80,margaret river,54.19,91,10,6.31,1740862083,AU,115.0667,-33.95
81,saint joseph,43.7,32,0,8.05,1740862083,US,-94.8466,39.7686
82,kiruna,27.52,86,40,8.05,1740862084,SE,20.2251,67.8557
83,preobrazheniye,29.53,66,33,7.56,1740862084,RU,133.9064,42.9019
84,vallo della lucania,49.73,80,100,6.02,1740862084,IT,15.2658,40.2297
85,chita,-23.91,76,28,2.24,1740862084,RU,113.55,52.0333
86,ngorongoro,55.96,46,7,2.82,1740862085,TZ,35.4875,-3.2397
87,kodiak,38.71,93,40,0.0,1740862085,US,-152.4072,57.79
88,quilmana,77.18,73,99,7.27,1740862085,PE,-76.3833,-12.95
89,laojunmiao,24.17,65,100,3.49,1740862085,CN,97.7333,39.8333
90,bhamo,62.73,55,1,1.54,1740862085,MM,97.2333,24.2667
91,kuanda,-21.55,94,92,1.3,1740862086,RU,116.0806,56.3161
92,avarua,82.45,78,75,14.97,1740862086,CK,-159.775,-21.2078
93,iskateley,-2.99,99,95,7.45,1740862086,RU,53.1512,67.6803
94,olonkinbyen,25.95,86,77,23.04,1740862087,SJ,-8.7187,70.9221
95,bang saphan,73.31,96,92,2.73,1740862087,TH,99.5117,11.2126
96,cam ranh,73.36,88,20,0.0,1740862087,VN,109.1591,11.9214
97,dalandzadgad,24.71,44,54,2.53,1740862087,MN,104.425,43.5708
98,mogadishu,78.03,87,7,18.12,1740862087,SO,45.3438,2.0371
99,crane,78.22,17,92,6.64,1740862088,US,-102.3501,31.3974
100,manismata,73.33,98,86,1.05,1740862088,ID,111.0333,-2.4667
101,pelabuhanratu,78.24,87,15,3.4,1740862088,ID,106.5514,-6.9875
102,cabedelo,83.07,75,99,10.67,1740862088,BR,-34.8339,-6.9811
103,kone,80.74,81,99,2.57,1740862089,NC,164.8658,-21.0595
104,namibe,73.36,77,100,2.55,1740862089,AO,12.1522,-15.1961
105,callao,80.89,65,0,11.5,1740862089,PE,-77.15,-12.0667
106,woolgoolga,66.07,74,91,0.83,1740862089,AU,153.2007,-30.1106
107,bilibino,-16.82,93,100,5.32,1740862090,RU,166.4372,68.0546
108,markaz-e hukumat-e darweshan,57.76,26,0,12.59,1740862090,AF,64.1934,31.1323
109,naze,67.12,82,100,7.02,1740862090,JP,129.4833,28.3667
110,brisas de zicatela,88.32,62,0,8.05,1740862090,MX,-97.0419,15.8369
111,kharp,-0.49,98,100,3.29,1740862090,RU,65.8081,66.8014
112,anadyr,-7.1,77,40,4.47,1740862091,RU,177.4833,64.75
113,georgetown,78.35,78,20,5.99,1740861993,MY,100.3354,5.4112
114,santa cruz,86.05,66,40,14.97,1740862080,BO,-63.1667,-17.8
115,grand gaube,80.38,91,100,9.37,1740862092,MU,57.6608,-20.0064
116,pasuquin,71.55,94,20,1.14,1740862093,PH,120.6177,18.3328
117,new norfolk,55.71,69,100,4.05,1740862093,AU,147.0587,-42.7826
118,nova xavantina,80.28,81,25,3.0,1740862093,BR,-52.35,-14.6667
119,cold lake,42.75,56,20,8.05,1740862017,CA,-110.2017,54.4502
120,carnarvon,79.63,71,9,21.56,1740862094,AU,113.6333,-24.8667
121,saint-joseph,80.98,78,71,1.7,1740862094,RE,55.6167,-21.3667
122,papatowai,66.02,71,100,2.51,1740862094,NZ,169.4708,-46.5619
123,west island,82.38,83,14,10.36,1740862094,CC,96.8225,-12.1568
124,djibo,84.45,13,1,8.34,1740862094,BF,-1.6306,14.1022
125,karacoban,-4.25,95,30,4.43,1740862095,TR,42.1124,39.3492
126,shahrud,29.08,45,100,14.27,1740862095,IR,54.9763,36.4182
127,timizart,55.0,82,100,6.31,1740862095,DZ,4.2667,36.8
128,nova vodolaha,24.93,83,100,6.11,1740862095,UA,35.8708,49.7185
129,san antonio de pale,81.68,81,100,8.66,1740862096,GQ,5.6325,-1.4014
130,tamanrasset,57.11,15,0,2.3,1740862096,DZ,5.5228,22.785
131,roma,21.09,82,100,21.85,1740862096,US,-75.4557,43.2128
132,badger,17.74,72,20,0.0,1740862096,US,-147.5333,64.8
133,yerofey pavlovich,-25.8,92,5,3.53,1740862097,RU,121.9667,53.9667
134,aykhal,-35.77,100,81,2.04,1740862097,RU,111.5,66.0
135,hawaiian paradise park,80.35,68,40,9.22,1740862097,US,-154.9731,19.5933
136,giyani,76.73,64,18,7.45,1740861896,ZA,30.7187,-23.3025
137,dolores,85.5,42,23,12.35,1740862098,AR,-57.6792,-36.3132
138,mantsala,33.26,92,100,3.98,1740862098,FI,25.2838,60.6609
139,vorgashor,4.35,98,100,3.62,1740862098,RU,63.95,67.5833
140,farap,39.2,93,75,20.71,1740862099,TM,63.6116,39.1704
141,zhaoqing,68.68,90,15,3.42,1740862099,CN,112.4597,23.0512
142,pisco,77.05,78,99,10.36,1740862099,PE,-76.2167,-13.7
143,aleshtar,30.69,66,91,2.91,1740862099,IR,48.2619,33.8633
144,jacobina,76.69,71,100,7.52,1740862100,BR,-40.5183,-11.1806
145,bamboo flat,77.09,94,40,2.3,1740862100,IN,92.7167,11.7
146,shirgaon,76.39,56,11,7.94,1740862100,IN,72.7,19.7
147,colonia,38.37,86,75,3.44,1740862100,DE,6.95,50.9333
148,cienfuegos,84.34,58,0,11.5,1740862100,CU,-80.4356,22.1461
149,umba,20.39,96,86,4.25,1740862101,RU,34.3429,66.6871
150,carupano,80.11,69,100,15.9,1740862101,VE,-63.2585,10.6678
151,moranbah,73.72,67,73,5.23,1740862101,AU,148.0466,-22.0016
152,rio preto da eva,84.76,67,100,0.51,1740862101,BR,-59.6997,-2.6994
153,canutama,83.16,74,96,2.1,1740862102,BR,-64.3831,-6.5339
154,andergrove,74.41,84,91,5.37,1740862102,AU,149.1833,-21.0833
155,kuruman,66.0,65,63,11.72,1740862102,ZA,23.4325,-27.4524
156,touros,80.6,74,50,8.41,1740862102,BR,-35.4608,-5.1989
157,boende,76.21,71,100,3.83,1740862102,CD,20.8667,-0.2167
158,ambon,83.84,100,40,6.91,1740862103,ID,128.1814,-3.6954
159,male,76.95,94,40,6.91,1740862103,MV,73.5089,4.1748
160,yarmouth,45.86,79,100,11.5,1740862103,US,-70.2286,41.7057
161,burang,-2.16,92,84,3.85,1740862103,CN,81.1667,30.25
162,kidal,79.63,12,88,4.14,1740862103,ML,1.4078,18.4411
163,rio rancho,67.64,16,36,5.99,1740862104,US,-106.6645,35.2334
164,bredasdorp,68.18,86,2,9.17,1740862104,ZA,20.0403,-34.5322
165,nova sintra,69.58,76,1,25.26,1740862104,CV,-24.7167,14.8667
166,bargaal,73.2,82,47,3.31,1740862104,SO,51.0773,11.2864
167,rongelap,79.07,68,83,16.98,1740862104,MH,166.8941,11.1635
168,frielendorf,40.23,75,75,3.44,1740862105,DE,9.3333,50.9833
169,fort mcmurray,35.11,55,100,3.44,1740862105,CA,-111.381,56.7268
170,pangody,-9.4,100,84,7.31,1740862105,RU,74.4859,65.85
171,san patricio,82.35,33,40,7.07,1740862105,US,-97.5169,28.017
172,sao joao da barra,86.09,82,39,11.63,1740862106,BR,-41.0511,-21.6403
173,novyy urengoy,-6.99,99,94,8.77,1740862106,RU,76.6333,66.0833
174,tannum sands,73.29,68,56,8.05,1740862106,AU,151.3693,-23.9504
175,mejit,79.47,76,94,14.76,1740862107,MH,170.8646,10.2753
176,bushehr,59.09,51,0,4.61,1740862107,IR,50.8385,28.9684
177,labrador city,-2.29,65,100,4.61,1740861913,CA,-66.9114,52.9463
178,guangming,12.79,66,80,5.66,1740862107,CN,122.7833,45.3333
179,puerto ayora,83.55,90,99,7.0,1740862108,EC,-90.3518,-0.7393
180,el calafate,57.69,55,100,10.4,1740862108,AR,-72.2768,-50.3408
181,buala,80.24,80,93,0.98,1740862108,SB,159.5921,-8.145
182,campo mourao,80.83,71,43,7.96,1740862064,BR,-52.3831,-24.0456
183,iqaluit,-13.31,62,75,10.36,1740862108,CA,-68.5145,63.7506
184,waingapu,78.03,82,3,5.3,1740862109,ID,120.2641,-9.6567
185,isafjordur,29.64,96,100,10.65,1740862109,IS,-23.124,66.0755
186,al fuwayliq,55.13,35,0,9.08,1740862109,SA,43.2534,26.4432
187,severo-yeniseyskiy,-0.38,98,100,3.51,1740862110,RU,93.0408,60.3725
188,madambakkam,80.31,87,94,4.25,1740862110,IN,80.0467,12.8525
189,porto novo,84.02,83,73,9.17,1740861877,BJ,2.6036,6.4965
190,chipinge,64.76,86,100,3.69,1740862110,ZW,32.6236,-20.1883
191,berezovyy,-13.68,86,55,5.59,1740862110,RU,135.7,51.6667
192,puerto penasco,63.91,71,0,21.0,1740862111,MX,-113.5333,31.3167
193,manokwari,78.01,82,100,6.49,1740862111,ID,134.0833,-0.8667
194,chahal guatemala,83.32,64,97,3.8,1740862111,GT,-89.5667,15.75
195,xique xique,88.57,45,100,13.76,1740862111,BR,-42.7311,-10.8217
196,lata,43.47,84,69,3.91,1740862112,PT,-8.3327,40.1629
197,rtishchevo,10.89,99,100,4.03,1740862112,RU,43.7874,52.2604
198,northam,39.79,84,69,1.01,1740862112,GB,-4.2167,51.0333
199,keflavik,43.23,93,100,36.82,1740862112,IS,-22.5624,64.0049
200,kangding,42.76,66,0,7.67,1740862113,CN,101.9603,30.0513
201,greenville,74.14,28,0,14.97,1740861880,US,-77.3663,35.6127
202,howrah,80.6,61,0,11.5,1740862113,IN,88.3103,22.5892
203,hallstahammar,35.29,90,100,6.62,1740862113,SE,16.2285,59.6139
204,lihue,80.19,69,75,12.66,1740862114,US,-159.3672,21.9789
205,sidi ifni,59.0,83,24,5.64,1740862114,MA,-10.173,29.3797
206,cidreira,78.57,83,83,12.44,1740862114,BR,-50.2056,-30.1811
207,murudeshwara,76.87,62,51,4.76,1740862114,IN,74.4845,14.0943
208,basoko,81.55,44,94,1.36,1740862115,CD,23.616,1.2391
209,guerrero negro,65.01,55,28,14.54,1740861963,MX,-114.0611,27.9769
210,lepsy,15.06,96,79,4.03,1740862115,KZ,78.9456,46.235
211,kaspiysk,19.58,68,22,11.18,1740862115,RU,47.6392,42.8816
212,saipan,77.65,88,100,18.41,1740862116,MP,145.701,15.1355
213,uturoa,81.99,79,22,10.85,1740862116,PF,-151.4333,-16.7333
214,papao,87.48,77,37,13.29,1740862116,PF,-149.55,-17.75
215,beitbridge,80.87,52,12,9.15,1740862116,ZW,30.0,-22.2167
216,ust'-ordynskiy,-11.15,99,91,4.9,1740862116,RU,104.7508,52.805
217,los aquijes,84.63,50,100,12.57,1740862117,PE,-75.6908,-14.0967
218,qarah bagh,29.14,79,70,13.94,1740862117,AF,61.7759,34.9402
219,utrik,79.3,68,79,14.85,1740862117,MH,169.8474,11.2278
220,east london,74.7,86,35,5.32,1740861890,ZA,27.9116,-33.0153
221,malango,66.22,98,82,2.55,1740862118,ID,119.9001,-2.9627
222,lincheng,68.0,87,7,2.48,1740862118,CN,109.6858,19.9078
223,moquegua,71.29,72,98,12.21,1740862118,PE,-70.9353,-17.1956
224,murzuq,62.06,26,0,7.72,1740862119,LY,13.9184,25.9155
225,okha,5.92,96,100,6.42,1740862119,RU,142.9478,53.5739
226,port lincoln,65.62,70,99,9.62,1740862119,AU,135.8667,-34.7333
227,pandan,77.79,89,100,13.44,1740862119,PH,124.1694,14.0453
228,novodvinsk,29.95,97,100,2.44,1740862120,RU,40.8122,64.4165
229,alice springs,74.75,23,5,8.05,1740862120,AU,133.8833,-23.7
230,esqueda,75.27,10,100,30.91,1740862120,MX,-109.5833,30.7167
231,abatskoye,23.95,96,100,7.4,1740862120,RU,70.4555,56.2875
232,harstad,34.43,91,79,8.99,1740862120,NO,16.5293,68.799
233,mount pearl,30.9,67,20,12.66,1740862121,CA,-52.7813,47.5166
234,cestos city,79.97,88,33,7.05,1740862121,LR,-9.5828,5.46
235,tura,66.51,55,29,5.21,1740862121,IN,90.2201,25.5198
236,kenora,13.17,44,0,9.22,1740861959,CA,-94.4337,49.8167
237,bentiu,90.1,15,3,9.89,1740862121,SS,29.8333,9.2333
238,arraial do cabo,84.06,70,40,19.57,1740862122,BR,-42.0278,-22.9661
239,cortez,62.78,14,0,6.91,1740862122,US,-108.5859,37.3489
240,ust-tsilma,25.48,98,100,3.53,1740862122,RU,52.1498,65.441
241,nar'yan-mar,-2.65,99,94,7.4,1740862122,RU,53.087,67.6713
242,howard springs,77.11,100,11,3.94,1740862123,AU,131.047,-12.497
243,rio grande,85.26,69,47,6.33,1740862123,BR,-52.0986,-32.035
244,kirakira,81.36,84,54,2.93,1740862123,SB,161.9205,-10.4544
245,happy valley-goose bay,3.51,60,100,3.44,1740862123,CA,-60.3315,53.3168
246,alakurtti,27.1,97,100,4.43,1740862123,RU,30.3491,66.9672
247,simcoe,20.12,72,100,21.23,1740862124,CA,-80.2997,42.8334
248,pierre,36.52,44,0,15.99,1740861876,US,-100.351,44.3683
249,jucas,79.9,70,100,3.44,1740862124,BR,-39.5275,-6.5253
250,flying fish cove,80.28,89,100,6.91,1740862125,CX,105.6791,-10.4217
251,jilib,77.23,85,5,9.28,1740862125,SO,42.7854,0.4883
252,deschutes river woods,61.07,33,0,1.99,1740862125,US,-121.3584,43.9915
253,udachny,-47.02,100,94,1.52,1740862125,RU,112.4,66.4167
254,lerwick,45.72,82,100,28.1,1740862125,GB,-1.1494,60.1545
255,niquero,84.43,62,37,8.14,1740862126,CU,-77.5828,20.0431
256,santana,77.18,94,100,8.05,1740862126,BR,-51.1817,-0.0583
257,fujin,-8.18,86,5,9.62,1740862126,CN,132.0322,47.26
258,konarka,75.24,78,3,10.6,1740862127,IN,86.1167,19.9
259,lorengau,79.79,83,98,3.85,1740862127,PG,147.2712,-2.0226
260,soio,79.52,84,100,6.26,1740862127,AO,12.3689,-6.1349
261,quellon,56.53,89,100,8.77,1740862128,CL,-73.6167,-43.1167
262,dakhla,62.62,82,0,12.66,1740862128,EH,-15.958,23.6848
263,madinat ash shamal,62.6,54,1,12.5,1740862128,QA,51.2009,26.1293
264,sparti,53.94,94,35,1.12,1740862128,GR,22.4297,37.0733
265,trongsa,37.08,89,100,1.68,1740862128,BT,90.5072,27.5026
266,invercargill,57.02,100,98,1.01,1740862129,NZ,168.35,-46.4
267,galveston,76.8,57,0,3.44,1740862129,US,-94.9669,29.3669
268,inebolu,41.0,84,88,3.29,1740862129,TR,33.7608,41.9747
269,motygino,4.21,99,100,0.83,1740862130,RU,94.7592,58.1831
270,mossel bay,68.4,90,15,6.29,1740862130,ZA,22.146,-34.1831
271,tromso,37.42,81,75,17.27,1740861832,NO,18.957,69.6496
272,belem de sao francisco,87.42,25,86,11.59,1740862130,BR,-38.9658,-8.7539
273,zaragoza,46.71,46,75,19.57,1740862076,ES,-0.8773,41.6561
274,jatai,77.14,74,0,6.98,1740862131,BR,-51.7144,-17.8814
275,kingston,85.15,62,75,11.5,1740861881,JM,-76.7936,17.997
276,bandarbeyla,76.26,75,55,9.01,1740862131,SO,50.8122,9.4942
277,upper grand lagoon,72.36,51,0,10.0,1740862132,US,-85.7408,30.1633
278,gaiman,80.8,14,7,13.38,1740862132,AR,-65.4929,-43.2897
279,thunder bay,15.71,48,20,13.8,1740862132,CA,-89.3168,48.4001
280,meadow lake,68.5,15,51,11.21,1740862132,US,-106.5436,34.8014
281,beau vallon,80.83,89,75,0.0,1740862132,MU,57.6953,-20.4189
282,wiesmoor,33.69,100,83,2.3,1740862133,DE,7.7333,53.4167
283,jemna,66.13,26,65,8.03,1740862133,TN,9.0147,33.5778
284,san isidro de curuguaty,95.88,30,94,3.31,1740862133,PY,-55.7,-24.5167
285,arno,34.41,88,100,7.34,1740862133,SE,18.6333,60.1167
286,tucumcari,66.04,19,0,6.91,1740862133,US,-103.725,35.1717
287,zhob,49.01,67,0,3.4,1740861855,PK,69.4481,31.3411
288,tazovsky,-19.41,97,96,9.08,1740862134,RU,78.7,67.4667
289,remire-montjoly,77.04,94,75,11.5,1740862135,GF,-52.2667,4.9167
290,karratha,86.86,66,0,8.48,1740862135,AU,116.8463,-20.7377
291,loango,79.43,83,100,7.4,1740862135,CG,11.8312,-4.6719
292,st. john's,32.02,66,20,12.66,1740861918,CA,-52.7093,47.5649
293,ebon,82.02,71,93,17.36,1740862136,MH,168.6964,4.582
294,yeraliyev,13.69,94,79,2.82,1740862136,KZ,51.65,43.2
295,kyzyl-suu,23.5,53,100,10.83,1740862136,KG,78.0056,42.3414
296,adigrat,59.85,74,31,4.16,1740862137,ET,39.462,14.277
297,punta alta,85.19,36,0,9.15,1740862083,AR,-62.0736,-38.8759
298,tonneins,42.42,76,4,8.12,1740862137,FR,0.3124,44.3921
299,shuangyang,16.65,50,93,9.28,1740862138,CN,125.6736,43.5242
300,vegreville,41.05,65,98,6.91,1740862138,CA,-112.0518,53.5001
301,nytva,24.1,96,100,6.06,1740862138,RU,55.334,57.9404
302,casper,60.1,16,0,14.97,1740862138,US,-106.3131,42.8666
303,berbera,74.89,83,0,4.59,1740862139,SO,45.0143,10.4396
304,afaahiti,80.58,76,86,14.76,1740862139,PF,-149.2833,-17.75
305,ancud,59.07,79,57,15.95,1740862094,CL,-73.8203,-41.8697
306,sloviansk,20.17,86,89,4.29,1740862140,UA,37.6167,48.8667
307,clarksdale,64.38,39,45,16.11,1740862140,US,-90.5709,34.2001
308,san pedro pochutla,90.72,43,33,7.96,1740862140,MX,-96.4667,15.7333
309,sakata,43.03,70,1,2.66,1740862140,JP,139.855,38.9167
310,kargasok,22.03,94,100,12.37,1740862141,RU,80.8572,59.0556
311,port-cartier,17.11,95,100,8.9,1740862141,CA,-66.8654,50.0334
312,hermanus,67.8,87,2,11.27,1740862141,ZA,19.2345,-34.4187
313,anzio,48.6,82,100,12.53,1740862141,IT,12.6179,41.4853
314,ugoofaaru,78.26,88,100,14.54,1740862141,MV,73.0,5.6667
315,tralee,41.72,91,60,3.02,1740862142,IE,-9.7026,52.2704
316,vila velha,84.15,70,40,8.05,1740862142,BR,-40.2925,-20.3297
317,babolsar,38.21,98,100,11.52,1740862142,IR,52.6576,36.7025
318,la'ie,82.13,75,0,10.0,1740862142,US,-157.9253,21.6477
319,kavaratti,82.9,73,94,12.39,1740862142,IN,72.642,10.5669
320,guigang,70.93,81,78,10.94,1740862143,CN,109.6092,23.0964
321,collie,55.18,92,0,6.78,1740862143,AU,116.15,-33.3667
322,zemio,83.07,27,47,3.47,1740862143,CF,25.1361,5.0314
323,santanyi,51.33,79,84,12.37,1740862144,ES,3.1291,39.3546
324,salekhard,0.99,97,100,7.94,1740862144,RU,66.6019,66.53
325,kegums,32.13,98,100,2.01,1740862144,LV,24.7244,56.7451
326,toliara,79.77,88,100,13.24,1740862144,MG,43.6667,-23.35
327,sandanski,50.29,84,81,2.33,1740862144,BG,23.2833,41.5667
328,torquay,38.17,82,45,8.46,1740862145,GB,-3.5143,50.4638
329,kolonia town,82.4,78,75,11.01,1740862145,FM,158.206,6.964
330,emporia,48.4,37,0,10.36,1740861919,US,-96.1817,38.4039
331,igarka,-29.7,94,57,6.02,1740862146,RU,86.5833,67.4667
332,san pedro,76.24,96,75,4.0,1740862146,PH,121.0167,14.35
333,fale old settlement,81.79,77,61,10.76,1740862146,TK,-171.2468,-9.3852
334,whistler,49.23,53,40,3.44,1740861900,CA,-122.9695,50.1164
335,gizo,81.39,78,99,1.9,1740862147,SB,156.8419,-8.103
336,merizo village,77.41,91,94,19.08,1740862147,GU,144.6691,13.2658
337,as samawah,54.79,29,0,8.08,1740862147,IQ,45.2944,31.332
338,arti,10.2,99,100,3.87,1740862148,RU,58.5328,56.4234
339,coxim,87.04,57,99,4.18,1740862148,BR,-54.76,-18.5067
340,siquirres,85.73,51,10,7.16,1740862148,CR,-83.5066,10.0975
341,hilo,80.26,68,40,9.22,1740862148,US,-155.09,19.7297
342,rubiataba,80.37,73,10,1.14,1740862149,BR,-49.8033,-15.1644
343,maumere,79.72,78,6,4.29,1740862149,ID,122.2111,-8.6199
344,dar chioukh,50.31,42,100,6.91,1740862149,DZ,3.4854,34.8964
345,tanumah,54.61,29,0,9.17,1740862149,SA,44.1333,27.1
346,terrigal,69.49,97,0,4.36,1740862150,AU,151.45,-33.45
347,senador jose porfirio,78.55,91,56,4.9,1740862150,BR,-51.9542,-2.5908
348,kuala belait,77.18,92,100,2.82,1740862150,BN,114.1833,4.5833
349,sao sebastiao do paraiso,75.45,67,56,5.06,1740862151,BR,-46.9914,-20.9169
350,pervomayskoye,11.84,92,5,7.16,1740862151,RU,46.7102,43.919
351,tazacorte,62.15,78,20,5.75,1740862151,ES,-17.9293,28.629
352,vorkuta,4.8,98,100,2.95,1740862152,RU,64.0,67.5
353,tezu,59.56,93,100,5.61,1740862152,IN,96.1667,27.9167
354,atafu village,82.29,73,33,13.29,1740862152,TK,-172.5159,-8.5421
355,pimenta bueno,76.24,90,100,2.82,1740862153,BR,-61.1936,-11.6725
356,noumea,82.0,99,100,6.69,1740862153,NC,166.4572,-22.2763
357,oranjemund,62.47,95,0,8.25,1740862153,NA,16.4333,-28.55
358,port augusta,64.42,75,0,15.68,1740861882,AU,137.7667,-32.5
359,la ronge,28.65,69,75,3.44,1740862153,CA,-105.2842,55.1001
360,mary,39.96,61,98,21.16,1740862154,TM,62.5,37.0
361,entre rios,74.59,88,77,5.3,1740862070,BR,-38.0844,-11.9419
362,cabo san lucas,74.75,64,40,8.01,1740861918,MX,-109.9124,22.8909
363,richards bay,74.35,84,98,3.29,1740862154,ZA,32.0377,-28.783
364,yanda bayo,80.22,21,57,9.55,1740862154,NG,10.7459,11.5071
365,dapa,78.19,87,99,7.7,1740862155,PH,126.0531,9.7594
366,yafran,64.09,24,100,19.77,1740862155,LY,12.5286,32.0633
367,grootfontein,71.17,83,98,2.3,1740862155,NA,18.1167,-19.5667
368,coahuayana de hidalgo,88.95,32,17,7.14,1740862155,MX,-103.6583,18.7
369,xining,26.15,89,100,2.21,1740862156,CN,101.7667,36.6167
370,barra de santo antonio,80.46,72,99,8.68,1740862156,BR,-35.5072,-9.4047
371,vadso,26.76,86,100,9.22,1740862156,NO,29.7487,70.0744
372,hojo,54.48,92,93,1.54,1740862156,JP,132.7777,33.9766
373,mungwi,63.01,94,94,0.45,1740862157,ZM,31.3694,-10.1732
374,shixing,63.97,95,2,1.83,1740862157,CN,114.0657,24.9482
375,linares,87.58,22,0,12.48,1740862157,CL,-71.6,-35.85
376,komsomolets,1.81,93,39,7.07,1740862157,KZ,62.0708,53.7453
377,argo,53.67,90,56,1.74,1740862158,GR,22.7333,37.6333
378,emerald,72.34,63,22,9.13,1740862158,AU,148.1667,-23.5333
379,lusaka,66.45,94,0,3.44,1740862158,ZM,28.2871,-15.4067
380,hailar,-26.64,99,0,3.78,1740862158,CN,119.7,49.2
381,bonthe,76.17,76,36,9.06,1740862159,SL,-12.505,7.5264
382,port saint john's,74.93,91,100,7.54,1740862159,ZA,29.5448,-31.6229
383,hotan,36.48,46,56,5.35,1740862159,CN,79.9269,37.0997
384,meulaboh,76.75,88,84,3.65,1740862159,ID,96.1285,4.1363
385,chinde,63.37,49,0,6.71,1740862160,NP,87.7095,26.8212
386,codrington,61.32,78,100,12.73,1740862160,AU,141.9667,-38.2667
387,north bend,53.19,79,99,12.19,1740862160,US,-124.2243,43.4065
388,arvayheer,15.76,62,35,1.28,1740862160,MN,102.775,46.2639
389,catalao,75.96,65,33,6.67,1740862160,BR,-47.9464,-18.1658
390,mariental,80.67,16,0,3.0,1740862161,NA,17.9667,-24.6333
391,neiafu,79.48,94,75,5.75,1740862161,TO,-173.9833,-18.65
392,shimoda,54.3,64,3,12.12,1740862161,JP,138.95,34.6667
393,muisne,82.51,74,35,7.47,1740862161,EC,-80.0333,0.6
394,dovhe,36.32,85,7,3.33,1740862161,UA,23.279,48.3653
395,angaur state,82.15,80,100,21.52,1740862162,PW,134.13,6.906
396,lamu,78.08,88,8,12.62,1740862162,KE,40.902,-2.2717
397,villa emilio carranza,73.24,87,70,6.96,1740862162,MX,-96.6,19.9667
398,pedernales,83.5,62,6,3.22,1740862162,DO,-71.744,18.0384
399,santa barbara,63.45,57,0,8.43,1740862037,US,-120.0343,34.7333
400,palikir - national government center,81.34,78,75,11.01,1740862163,FM,158.1611,6.9248
401,sydney,71.17,89,20,8.05,1740861902,AU,151.2073,-33.8679
402,kailua-kona,80.28,68,0,13.8,1740862164,US,-155.9956,19.6406
403,nuuk,12.81,73,100,15.01,1740862164,GL,-51.7216,64.1835
404,okhotsk,-5.75,80,100,12.5,1740862164,RU,143.3,59.3833
405,terenure,45.9,87,75,3.44,1740862165,IE,-6.2853,53.3097
406,rawang,77.05,91,54,2.19,1740862165,MY,101.5767,3.3213
407,sarykemer,33.28,72,100,3.22,1740862165,KZ,71.5,43.0
408,valenca,75.24,89,25,3.06,1740862165,BR,-39.0731,-13.3703
409,altai,14.34,45,100,3.0,1740862166,MN,96.2583,46.3722
410,lospalos,71.13,95,94,2.01,1740862166,TL,127.0025,-8.5186
411,la tuque,12.45,79,100,11.5,1740862166,CA,-72.7824,47.4334
412,itoman,71.6,88,100,17.27,1740862166,JP,127.6694,26.1247
413,thivai,47.84,89,47,2.42,1740862166,GR,23.3189,38.325
414,vilyuchinsk,3.47,76,99,7.81,1740862167,RU,158.4028,52.9306
415,constantia,39.88,89,100,12.33,1740862167,RO,28.65,44.1833
416,barbezieux-saint-hilaire,45.48,74,10,14.09,1740862167,FR,-0.1522,45.4726
417,cozumel,80.94,70,0,5.41,1740862168,MX,-86.9458,20.5083
418,sitka,44.49,76,100,4.61,1740862168,US,-135.33,57.0531
419,luanda,80.6,78,20,5.75,1740862168,AO,13.2343,-8.8368
420,ciudad lazaro cardenas,84.58,46,3,11.81,1740862109,MX,-102.2,17.9583
421,yilan,67.96,75,100,3.49,1740862169,TW,121.753,24.757
422,shalkar,12.97,96,100,4.7,1740862169,KZ,59.6258,47.8288
423,nouadhibou,64.38,68,0,17.27,1740862169,MR,-17.0347,20.931
424,watsa,71.42,45,49,1.99,1740862169,CD,29.5355,3.0372
425,naracoorte,59.38,84,100,7.09,1740862170,AU,140.7383,-36.9579
426,port douglas,77.74,77,59,1.99,1740862170,AU,145.4667,-16.4833
427,nivala,32.59,97,100,8.61,1740862170,FI,24.9667,63.9167
428,nadvoitsy,27.46,91,98,6.76,1740862170,RU,34.3167,63.8667
429,moose jaw,35.85,75,27,9.22,1740862170,CA,-105.5344,50.4001
430,ulladulla,70.02,86,89,11.81,1740861902,AU,150.4667,-35.35
431,gwadar,72.41,72,2,14.85,1740862171,PK,62.3254,25.1216
432,laguna,63.88,63,0,11.5,1740862171,US,-121.4238,38.421
433,bismarck,28.29,67,100,11.5,1740862172,US,-100.7837,46.8083
434,kano,80.49,29,0,0.0,1740862172,NG,8.5167,12.0001
435,mbeni,76.03,80,100,7.54,1740862172,KM,43.3775,-11.5014
436,balakhta,12.34,97,100,1.86,1740862173,RU,91.6,55.38
437,tolanaro,87.87,58,75,5.75,1740862173,MG,46.9987,-25.0319
438,khovd,2.82,98,100,0.89,1740862173,MN,91.6419,48.0056
439,melekeok village,81.16,83,100,9.22,1740862173,PW,134.6367,7.4957
440,waldkirch,37.33,77,18,5.37,1740862173,DE,7.9637,48.0959
441,bam,57.56,37,0,6.38,1740862174,IR,58.357,29.106
442,antonio enes,76.5,86,100,5.37,1740862174,MZ,39.9086,-16.2325
443,lionel town,84.07,61,2,10.69,1740862174,JM,-77.2406,17.8101
444,madalena,51.93,52,0,12.19,1740862174,PT,-8.3345,41.2162
445,huarmey,77.47,80,91,8.23,1740862174,PE,-78.1522,-10.0681
446,essaouira,58.5,94,40,2.3,1740862175,MA,-9.77,31.5125
447,carolina,82.29,74,40,12.66,1740862175,PR,-65.9574,18.3808
448,kalanchak,31.96,72,100,6.76,1740862175,UA,33.2907,46.2562
449,ghanzi,77.27,62,99,5.84,1740862176,BW,21.7833,-21.5667
450,ihosy,70.39,90,100,11.92,1740862176,MG,46.1167,-22.4
451,sao jose da coroa grande,80.35,75,75,8.93,1740862176,BR,-35.1478,-8.8978
452,yaren,79.39,74,100,12.64,1740862176,NR,166.916,-0.5472
453,catia la mar,82.6,65,100,14.97,1740862177,VE,-67.0303,10.6038
454,soto la marina,88.29,38,50,14.36,1740862177,MX,-98.2167,23.7667
455,damnoen saduak,77.88,85,70,5.06,1740862177,TH,99.9547,13.5182
456,farafangana,79.7,75,100,3.65,1740862177,MG,47.8333,-22.8167
457,zaozersk,19.42,94,100,7.34,1740862178,RU,32.4476,69.4005
458,glace bay,31.5,83,75,18.41,1740862178,CA,-59.957,46.1969
459,hithadhoo,79.86,80,100,23.17,1740862178,MV,73.0833,-0.6
460,yuzhno-kurilsk,29.3,90,71,5.66,1740862178,RU,145.8556,44.0306
461,mwinilunga,63.41,97,100,2.64,1740862178,ZM,24.4293,-11.7358
462,betong,68.76,100,29,2.55,1740862179,TH,101.0723,5.7743
463,portland,63.01,59,20,15.01,1740862158,US,-122.6762,45.5234
464,port-vila,76.6,94,20,2.3,1740862179,VU,168.3219,-17.7338
465,ahmadpur east,63.66,40,1,9.64,1740862179,PK,71.2598,29.1431
466,kamaishi,40.35,61,100,7.14,1740862180,JP,141.8833,39.2667
467,quixada,74.93,93,87,5.12,1740862180,BR,-39.0153,-4.9714
468,majene,76.15,86,26,4.23,1740862180,ID,118.9707,-3.5403
469,mount gambier,57.49,85,100,5.84,1740862180,AU,140.7667,-37.8333
470,kosciusko,63.0,33,81,11.86,1740862181,US,-89.5876,33.0576
471,yakeshi,-30.8,100,100,2.37,1740862181,CN,120.7333,49.2833
472,puerto armuelles,82.09,59,1,1.01,1740862136,PA,-82.8667,8.2833
473,cockburn town,80.56,100,40,13.8,1740862181,TC,-71.1419,21.4612
474,zhigalovo,-5.64,99,100,1.61,1740862181,RU,105.1578,54.8097
475,iisalmi,30.54,94,100,7.14,1740862182,FI,27.1907,63.5592
476,nadym,-10.16,100,78,5.37,1740862182,RU,72.5167,65.5333
477,alesund,44.44,80,75,32.21,1740862182,NO,6.1549,62.4723
478,moshi,74.23,52,0,7.43,1740862183,TZ,37.3333,-3.35
479,kovvur,69.49,82,3,1.7,1740862183,IN,81.7333,17.0167
480,nyurba,-47.61,100,89,2.13,1740862183,RU,118.3319,63.2842
481,whangarei,69.19,69,37,4.43,1740862051,NZ,174.3239,-35.7317
482,macapa,76.98,94,100,8.05,1740862184,BR,-51.0664,0.0389
483,i-n-salah,68.79,19,0,11.88,1740862184,DZ,2.4607,27.1935
484,tabas,48.25,18,79,8.01,1740862184,IR,56.9244,33.5959
485,mach,57.18,36,0,2.55,1740862184,PK,67.3298,29.8637
486,dunedin,64.76,70,85,0.49,1740861901,NZ,170.5036,-45.8742
487,sinabang,77.99,88,100,2.1,1740862185,ID,96.3801,2.4803
488,tshabong,66.25,79,3,9.31,1740862185,BW,22.45,-26.05
489,broome,25.81,60,75,20.71,1740862185,US,-75.833,42.2506
490,mudgee,73.56,52,72,2.3,1740862186,AU,149.5871,-32.5943
491,sodankyla,27.25,96,100,9.33,1740862186,FI,26.6,67.4167
492,tarnogskiy gorodok,27.84,98,100,3.78,1740862186,RU,43.5761,60.4997
493,darwin,80.58,94,10,0.0,1740862186,AU,130.8418,-12.4611
494,gagliano del capo,54.82,82,100,9.22,1740862187,IT,18.3695,39.8442
495,mattur,74.93,91,46,6.24,1740862187,IN,79.2333,11.3333
496,berezovo,22.23,97,100,2.04,1740862187,RU,65.0419,63.9381
497,el burgo de osma,35.04,75,100,6.15,1740862187,ES,-3.0652,41.5862
498,devonport,54.52,78,100,10.02,1740862188,AU,146.35,-41.1667
499,belomorsk,29.95,93,100,6.29,1740862188,RU,34.7668,64.5232
500,nagqu,21.99,26,100,12.03,1740862188,CN,92.0,31.5
501,ascension,79.07,28,0,7.02,1740862188,US,-90.9001,30.2169
502,manacapuru,85.57,66,90,3.47,1740862189,BR,-60.6206,-3.2997
503,ulsteinvik,43.7,95,100,26.62,1740862189,NO,5.8487,62.3432
504,sao vicente,83.97,37,75,5.75,1740862187,BR,-46.3919,-23.9631
505,puerto rosario,100.49,27,67,10.11,1740862189,PY,-57.0833,-24.45
506,sonoita,64.29,40,0,24.23,1740862190,MX,-112.8333,31.85
507,camargo,80.4,12,100,6.04,1740862190,MX,-105.1667,27.6667
508,kencong,74.79,92,6,4.14,1740862191,ID,113.3667,-8.2833
509,balkashino,6.22,97,100,3.69,1740862191,KZ,68.7667,52.5167
510,cananeia,80.55,80,0,5.88,1740862191,BR,-47.9267,-25.0147
511,steamboat springs,45.61,44,0,1.99,1740862191,US,-106.8317,40.485
512,suntar,-44.45,100,93,2.04,1740862192,RU,117.6319,62.1444
513,kitimat,40.91,31,100,1.99,1740862165,CA,-128.6534,54.0524
514,tanaina,40.87,55,0,12.66,1740862192,US,-149.4281,61.6269
515,mendi,55.6,96,100,2.95,1740862192,PG,143.6513,-6.1761
516,san luis de la loma,86.72,43,5,9.78,1740862193,MX,-100.8939,17.2706
517,banposh,66.65,33,0,0.92,1740862193,IN,84.8,22.25
518,unai,77.18,58,100,5.79,1740862077,BR,-46.9061,-16.3575
519,buta,81.16,35,100,1.39,1740862193,CD,24.73,2.7858
520,clemmons,70.03,14,40,16.11,1740861923,US,-80.382,36.0215
521,la mira,86.05,41,3,12.19,1740862194,MX,-102.3266,18.035
522,woodward,63.52,27,0,12.66,1740862194,US,-99.3904,36.4337
523,hefei,69.82,60,0,11.18,1740862194,CN,117.2808,31.8639
524,as sulayyil,70.12,33,26,7.72,1740862194,SA,45.5779,20.4607
525,tanjung selor,72.59,97,97,1.5,1740862195,ID,117.3642,2.8372
526,kerikeri,69.91,88,11,4.27,1740862195,NZ,173.9474,-35.2268
527,lanzhou,32.09,69,100,2.57,1740862195,CN,103.7922,36.0564
528,puerto aysen,53.28,99,100,2.95,1740862195,CL,-72.7,-45.4
529,ust'-ilimsk,-0.54,98,100,4.14,1740862195,RU,102.6619,58.0006
530,antsiranana,77.27,86,54,7.83,1740862134,MG,49.2917,-12.2787
531,weno,81.32,80,100,20.45,1740862196,FM,151.8468,7.4515
532,marsh harbour,73.8,73,36,6.96,1740862082,BS,-77.0636,26.5412
533,murray bridge,62.4,69,55,5.7,1740862196,AU,139.2667,-35.1167
534,acapulco de juarez,84.02,61,0,12.66,1740862197,MX,-99.8901,16.8634
535,yemel'yanovo,14.81,79,40,4.47,1740862197,RU,92.6767,56.1681
536,valparaiso,71.17,58,20,10.36,1740862002,CL,-71.6273,-33.0393
537,posto fiscal rolim de moura,78.6,87,100,2.8,1740862197,BR,-62.2667,-13.0833
538,varna,42.94,93,100,5.75,1740862198,BG,27.9167,43.2167
539,santa cruz de la palma,64.54,68,20,5.75,1740862198,ES,-17.7642,28.6835
540,pathein,72.1,84,7,7.72,1740862198,MM,94.7333,16.7833
541,carahue,66.38,58,80,8.9,1740862198,CL,-73.1667,-38.7
542,burela de cabo,44.29,68,42,19.53,1740862199,ES,-7.4,43.65
543,barakani,80.35,80,98,8.41,1740862199,KM,44.4317,-12.1356
544,morondava,80.15,83,100,8.28,1740862199,MG,44.2833,-20.2833
545,jahanabad,66.72,43,1,5.1,1740862199,IN,84.9833,25.2167
546,galesong,77.88,86,27,4.41,1740862200,ID,119.3661,-5.3166
547,west fargo,20.35,44,0,3.44,1740862200,US,-96.9004,46.875
548,vila franca do campo,55.81,69,6,18.77,1740862200,PT,-25.4333,37.7167
549,aoulef,67.3,18,0,10.27,1740862200,DZ,1.0833,26.9667
550,santander,51.1,67,75,17.0,1740861933,ES,-3.8044,43.4647
551,sultanpur,67.62,50,0,8.32,1740862201,IN,82.0667,26.2667
552,natal,80.82,78,40,13.8,1740862189,BR,-35.2094,-5.795
553,brooks,46.38,61,86,3.44,1740862201,CA,-111.8851,50.5834
554,jamjamal,37.56,76,63,6.04,1740862201,IQ,44.8317,35.5365
555,hirtshals,41.25,93,94,22.44,1740862202,DK,9.9592,57.5881
556,mil'kovo,31.51,87,98,5.03,1740862202,RU,37.7956,55.6078
557,diamantino,79.05,83,95,1.95,1740862202,BR,-56.4461,-14.4086
558,sur,73.81,76,3,9.35,1740862203,OM,59.5289,22.5667
559,ponta delgada,56.12,62,75,11.5,1740862203,PT,-25.6667,37.7333
560,samana,86.22,66,75,9.22,1740862184,DO,-69.3369,19.2056
561,vodnyy,23.83,98,100,3.71,1740862203,RU,53.4095,63.5046
562,loikaw,65.01,36,0,3.78,1740862203,MM,97.2094,19.6742
563,mugia,49.91,66,0,28.92,1740862204,ES,-9.2179,43.1041
564,fort wellington,79.27,67,8,8.72,1740862204,GY,-57.6,6.4
565,manteno,30.51,40,0,13.0,1740862204,US,-87.8314,41.2506
566,beloyarskiy,16.45,99,100,3.06,1740862204,RU,66.6722,63.7119
567,birobidzhan,-13.83,85,3,6.04,1740862204,RU,132.95,48.8
568,klaksvik,45.82,82,100,36.48,1740862205,FO,-6.589,62.2266
569,sharlyk,2.01,100,44,2.42,1740862205,RU,54.75,52.9167
570,tafuna,85.95,79,75,5.75,1740862205,AS,-170.72,-14.3358
571,castillos,80.65,70,100,7.38,1740862205,UY,-53.8333,-34.1667
572,palmer,38.26,61,75,21.85,1740862205,US,-72.3287,42.1584
573,al qusayr,46.04,79,0,0.31,1740862206,SY,36.5798,34.5091
574,xilin hot,13.93,62,98,4.79,1740862206,CN,116.0333,43.9667
575,berdigestyakh,-43.78,100,99,2.37,1740862206,RU,126.6992,62.0989
576,nahiyat ash shinafiyah,53.53,30,1,6.8,1740862206,IQ,44.6602,31.5874
577,belmonte,77.43,87,72,8.84,1740862207,BR,-38.8828,-15.8631
578,ta`u,82.35,73,94,9.42,1740862207,AS,-169.5144,-14.2336
579,vipiteno,28.76,93,47,5.46,1740862207,IT,11.4301,46.8925
580,katsuren-haebaru,71.53,90,75,8.05,1740862207,JP,127.8719,26.3369
581,dongola,67.08,12,0,15.79,1740862208,SD,30.4833,19.1667
582,suizhou,61.38,94,89,4.99,1740862208,CN,113.3631,31.7111
583,nogliki,1.83,85,86,17.52,1740862208,RU,143.1667,51.8333
584,tindouf,64.85,34,0,5.75,1740862208,DZ,-8.1474,27.6711
585,ishimbay,11.82,100,100,2.01,1740862209,RU,56.0415,53.4545
586,isangel,78.91,94,75,0.0,1740862209,VU,169.2667,-19.55
587,ati,87.33,15,0,17.07,1740862209,TD,18.3353,13.2154
588,villa gesell,70.41,77,19,13.87,1740861935,AR,-56.973,-37.2639
589,oltinko'l,45.45,49,100,3.87,1740862210,UZ,72.1634,40.8011
590,tarare,35.8,79,17,4.0,1740862210,FR,4.4327,45.8976
591,tuburan,78.69,76,55,1.05,1740862210,PH,122.2736,6.6439
592,al artawiyah,55.09,26,0,12.55,1740862211,SA,45.3444,26.5053
593,kalmunai,77.58,88,20,3.0,1740862211,LK,81.8167,7.4167
594,kyshtovka,17.69,97,96,6.87,1740862211,RU,76.6271,56.555
595,fish town,74.62,95,99,4.27,1740862211,LR,-7.8756,5.1964
596,adrar,70.11,13,97,4.12,1740862212,MR,-10.0711,20.5022
597,alotau,76.73,89,100,1.45,1740862212,PG,150.4462,-10.3069
598,zabljak,33.58,97,100,1.54,1740862212,ME,19.1232,43.1542
599,horsham,34.79,75,0,2.3,1740862213,GB,-0.3272,51.064
600,svobodnyy,-15.77,81,0,10.74,1740862213,RU,128.1333,51.4
601,lepe,53.11,82,8,2.53,1740862213,ES,-7.2043,37.2548
602,reggane,67.33,17,0,7.87,1740862213,DZ,0.1714,26.7158
603,tidjikja,79.43,10,100,3.15,1740862214,MR,-11.4271,18.5564
604,colares,54.18,77,97,14.25,1740862214,PT,-9.4469,38.7992
605,saint-pierre,82.08,65,0,4.61,1740862214,RE,55.4781,-21.3393
606,whakatane,69.51,78,39,5.99,1740862214,NZ,176.9854,-37.9585
607,nyakahanga,60.39,52,92,1.16,1740862214,TZ,31.1414,-1.6033
608,breves,74.71,96,100,3.78,1740862215,BR,-50.4803,-1.6822
609,karbala,52.65,33,84,5.97,1740862215,IQ,44.0249,32.616
610,bubaque,75.81,68,99,17.27,1740862215,GW,-15.8333,11.2833
611,al qubbah,48.83,84,100,6.08,1740862215,LY,22.2424,32.7616
612,koubia,77.88,23,96,3.09,1740862216,GN,-11.9,11.5833
613,geraldton,64.81,88,0,4.61,1740862216,AU,114.6,-28.7667
